<?xml version="1.0" encoding="UTF-8"?>
<project-private xmlns="http://www.netbeans.org/ns/project-private/1">
    <editor-bookmarks xmlns="http://www.netbeans.org/ns/editor-bookmarks/2" lastBookmarkId="0"/>
    <open-files xmlns="http://www.netbeans.org/ns/projectui-open-files/2">
        <group>
            <file>file:/C:/Users/Julissa/OneDrive/Documentos/Full%20Stack%2020022023/Java%20Intro%2021022023/Relaciones%20entre%20clases/ejercicios/Ejerciciosguia10/Tienda/src/tienda/persistencia/ProdFabDAO.java</file>
            <file>file:/C:/Users/Julissa/OneDrive/Documentos/Full%20Stack%2020022023/Java%20Intro%2021022023/Relaciones%20entre%20clases/ejercicios/Ejerciciosguia10/Tienda/src/tienda/servicios/ProductoService.java</file>
            <file>file:/C:/Users/Julissa/OneDrive/Documentos/Full%20Stack%2020022023/Java%20Intro%2021022023/Relaciones%20entre%20clases/ejercicios/Ejerciciosguia10/Tienda/src/tienda/entidades/Producto.java</file>
            <file>file:/C:/Users/Julissa/OneDrive/Documentos/Full%20Stack%2020022023/Java%20Intro%2021022023/Relaciones%20entre%20clases/ejercicios/Ejerciciosguia10/Tienda/src/tienda/entidades/Fabricante.java</file>
            <file>file:/C:/Users/Julissa/OneDrive/Documentos/Full%20Stack%2020022023/Java%20Intro%2021022023/Relaciones%20entre%20clases/ejercicios/Ejerciciosguia10/Tienda/src/tienda/servicios/FabricanteService.java</file>
            <file>file:/C:/Users/Julissa/OneDrive/Documentos/Full%20Stack%2020022023/Java%20Intro%2021022023/Relaciones%20entre%20clases/ejercicios/Ejerciciosguia10/Tienda/src/tienda/persistencia/DAO.java</file>
            <file>file:/C:/Users/Julissa/OneDrive/Documentos/Full%20Stack%2020022023/Java%20Intro%2021022023/Relaciones%20entre%20clases/ejercicios/Ejerciciosguia10/Tienda/src/tienda/persistencia/FabricanteDAO.java</file>
            <file>file:/C:/Users/Julissa/OneDrive/Documentos/Full%20Stack%2020022023/Java%20Intro%2021022023/Relaciones%20entre%20clases/ejercicios/Ejerciciosguia10/Tienda/src/tienda/persistencia/ProductoDAO.java</file>
        </group>
    </open-files>
</project-private>
